rank,file,t_sec,score,U,A,D,n_boxes,n_ambiguous,empty,selected
1,frame_0067.jpg,26.8,0.7381,0.6477,0.7143,1.0,7,5,False,True
2,frame_0009.jpg,3.6,0.7295,0.8875,0.2857,1.0,2,2,False,True
3,frame_0016.jpg,6.4,0.7191,0.6097,0.7143,1.0,5,5,False,True
4,frame_0074.jpg,29.6,0.7121,0.7671,0.4286,1.0,6,3,False,True
5,frame_0002.jpg,0.8,0.7002,0.6576,0.5714,1.0,6,4,False,True
6,frame_0030.jpg,12.0,0.691,0.7248,0.4286,1.0,7,3,False,True
7,frame_0291.jpg,116.4,0.6814,0.684,0.5714,0.84,7,4,False,True
8,frame_0077.jpg,30.8,0.6788,0.6627,0.5714,0.88,7,4,False,False
9,frame_0076.jpg,30.4,0.6761,0.5557,0.7143,0.92,8,5,False,False
10,frame_0293.jpg,117.2,0.6761,0.791,0.4286,0.76,5,3,False,False
11,frame_0073.jpg,29.2,0.6639,0.6706,0.4286,1.0,6,3,False,False
12,frame_0080.jpg,32.0,0.6618,0.6767,0.5714,0.76,5,4,False,True
13,frame_0079.jpg,31.6,0.6469,0.6309,0.5714,0.8,8,4,False,False
14,frame_0290.jpg,116.0,0.6368,0.6964,0.4286,0.8,7,3,False,False
15,frame_0032.jpg,12.8,0.6348,0.5267,0.5714,1.0,5,4,False,False
16,frame_0229.jpg,91.6,0.6328,0.805,0.7143,0.08,10,5,False,True
17,frame_0075.jpg,30.0,0.6314,0.6216,0.4286,0.96,7,3,False,False
18,frame_0133.jpg,53.2,0.628,0.5132,0.5714,1.0,9,4,False,True
19,frame_0078.jpg,31.2,0.6228,0.7381,0.2857,0.84,7,2,False,False
20,frame_0186.jpg,74.4,0.6216,0.7986,0.7143,0.04,9,5,False,True
21,frame_0020.jpg,8.0,0.6153,0.7448,0.1429,1.0,3,1,False,False
22,frame_0386.jpg,154.4,0.6144,0.7043,0.7143,0.24,8,5,False,True
23,frame_0283.jpg,113.2,0.6081,0.8368,0.2857,0.52,5,2,False,False
24,frame_0318.jpg,127.2,0.6029,0.767,0.5714,0.24,7,4,False,False
25,frame_0378.jpg,151.2,0.5993,0.738,0.7143,0.08,11,5,False,False
26,frame_0377.jpg,150.8,0.597,0.7174,0.7143,0.12,10,5,False,False
27,frame_0382.jpg,152.8,0.5963,0.5607,1.0,0.08,10,7,False,False
28,frame_0328.jpg,131.2,0.5885,0.8021,0.5714,0.08,13,4,False,False
29,frame_0379.jpg,151.6,0.5802,0.8015,0.5714,0.04,9,4,False,False
30,frame_0000.jpg,0.0,0.5781,0.5848,0.2857,1.0,7,2,False,False
31,frame_0276.jpg,110.4,0.5773,0.7158,0.5714,0.24,10,4,False,False
32,frame_0028.jpg,11.2,0.577,0.5825,0.2857,1.0,3,2,False,False
33,frame_0277.jpg,110.8,0.5744,0.694,0.5714,0.28,8,4,False,False
34,frame_0329.jpg,131.6,0.5741,0.7733,0.5714,0.08,10,4,False,False
35,frame_0128.jpg,51.2,0.5733,0.5535,0.4286,0.84,7,3,False,False
36,frame_0127.jpg,50.8,0.5724,0.5676,0.4286,0.8,7,3,False,False
37,frame_0185.jpg,74.0,0.5722,0.6839,0.7143,0.08,8,5,False,False
38,frame_0131.jpg,52.4,0.5698,0.4984,0.4286,0.96,5,3,False,False
39,frame_0210.jpg,84.0,0.5698,0.7818,0.1429,0.68,3,1,False,False
40,frame_0302.jpg,120.8,0.5698,0.7224,0.4286,0.4,7,3,False,False
41,frame_0172.jpg,68.8,0.5664,0.5442,0.7143,0.4,6,5,False,False
42,frame_0205.jpg,82.0,0.5643,0.6692,0.2857,0.72,2,2,False,False
43,frame_0033.jpg,13.2,0.5627,0.554,0.2857,1.0,7,2,False,False
44,frame_0397.jpg,158.8,0.5606,0.7841,0.4286,0.2,7,3,False,False
45,frame_0012.jpg,4.8,0.5594,0.5473,0.2857,1.0,4,2,False,False
46,frame_0013.jpg,5.2,0.5561,0.5407,0.2857,1.0,4,2,False,False
47,frame_0031.jpg,12.4,0.556,0.5406,0.2857,1.0,8,2,False,False
48,frame_0287.jpg,114.8,0.555,0.6666,0.2857,0.68,7,2,False,False
49,frame_0119.jpg,47.6,0.5515,0.6538,0.4286,0.48,4,3,False,False
50,frame_0021.jpg,8.4,0.5489,0.5263,0.2857,1.0,5,2,False,False
51,frame_0011.jpg,4.4,0.5482,0.525,0.2857,1.0,4,2,False,False
52,frame_0319.jpg,127.6,0.548,0.6412,0.5714,0.28,9,4,False,False
53,frame_0129.jpg,51.6,0.544,0.5646,0.2857,0.88,6,2,False,False
54,frame_0003.jpg,1.2,0.5426,0.5137,0.2857,1.0,6,2,False,False
55,frame_0069.jpg,27.6,0.5406,0.5954,0.1429,1.0,5,1,False,False
56,frame_0169.jpg,67.6,0.5401,0.7008,0.2857,0.52,7,2,False,False
57,frame_0367.jpg,146.8,0.5374,0.7856,0.4286,0.08,9,3,False,False
58,frame_0109.jpg,43.6,0.5368,0.6988,0.5714,0.08,6,4,False,False
59,frame_0307.jpg,122.8,0.5336,0.6444,0.5714,0.2,7,4,False,False
60,frame_0132.jpg,52.8,0.5323,0.4932,0.2857,1.0,7,2,False,False
61,frame_0001.jpg,0.4,0.5286,0.4857,0.2857,1.0,9,2,False,False
62,frame_0014.jpg,5.6,0.5273,0.4832,0.2857,1.0,5,2,False,False
63,frame_0387.jpg,154.8,0.5232,0.7093,0.4286,0.2,11,3,False,False
64,frame_0176.jpg,70.4,0.5211,0.6034,0.5714,0.24,7,4,False,False
65,frame_0108.jpg,43.2,0.5198,0.7664,0.4286,0.04,9,3,False,False
66,frame_0022.jpg,8.8,0.5192,0.467,0.2857,1.0,5,2,False,False
67,frame_0215.jpg,86.0,0.5168,0.5845,0.4286,0.48,3,3,False,False
68,frame_0126.jpg,50.4,0.5149,0.5543,0.2857,0.76,8,2,False,False
69,frame_0298.jpg,119.2,0.5142,0.5472,0.4286,0.56,6,3,False,False
70,frame_0072.jpg,28.8,0.5129,0.5401,0.1429,1.0,6,1,False,False
71,frame_0192.jpg,76.8,0.5128,0.6885,0.4286,0.2,5,3,False,False
72,frame_0301.jpg,120.4,0.5109,0.76,0.1429,0.44,7,1,False,False
73,frame_0089.jpg,35.6,0.5098,0.6881,0.2857,0.4,5,2,False,False
74,frame_0322.jpg,128.8,0.5081,0.695,0.4286,0.16,7,3,False,False
75,frame_0115.jpg,46.0,0.5078,0.6304,0.4286,0.32,7,3,False,False
76,frame_0375.jpg,150.0,0.5075,0.6778,0.4286,0.2,9,3,False,False
77,frame_0225.jpg,90.0,0.5069,0.8104,0.2857,0.08,7,2,False,False
78,frame_0005.jpg,2.0,0.5066,0.4418,0.2857,1.0,5,2,False,False
79,frame_0179.jpg,71.6,0.5057,0.6206,0.5714,0.12,8,4,False,False
80,frame_0221.jpg,88.4,0.5053,0.6574,0.4286,0.24,6,3,False,False
81,frame_0368.jpg,147.2,0.5038,0.7344,0.4286,0.04,9,3,False,False
82,frame_0383.jpg,153.2,0.5031,0.6153,0.5714,0.12,6,4,False,False
83,frame_0373.jpg,149.2,0.5003,0.5937,0.5714,0.16,7,4,False,False
84,frame_0188.jpg,75.2,0.4997,0.4692,0.8571,0.04,8,6,False,False
85,frame_0071.jpg,28.4,0.4994,0.513,0.1429,1.0,6,1,False,False
86,frame_0395.jpg,158.0,0.4985,0.6062,0.5714,0.12,8,4,False,False
87,frame_0130.jpg,52.0,0.4972,0.5407,0.1429,0.92,3,1,False,False
88,frame_0181.jpg,72.4,0.496,0.7189,0.4286,0.04,7,3,False,False
89,frame_0321.jpg,128.4,0.4958,0.6544,0.4286,0.2,6,3,False,False
90,frame_0381.jpg,152.4,0.4954,0.7176,0.4286,0.04,7,3,False,False
91,frame_0278.jpg,111.2,0.4941,0.6887,0.2857,0.32,7,2,False,False
92,frame_0279.jpg,111.6,0.4923,0.5834,0.4286,0.36,6,3,False,False
93,frame_0114.jpg,45.6,0.492,0.7862,0.1429,0.28,6,1,False,False
94,frame_0113.jpg,45.2,0.491,0.7145,0.2857,0.24,6,2,False,False
95,frame_0007.jpg,2.8,0.488,0.4045,0.2857,1.0,4,2,False,False
96,frame_0193.jpg,77.2,0.4861,0.7048,0.2857,0.24,6,2,False,False
97,frame_0267.jpg,106.8,0.4832,0.5755,0.5714,0.12,6,4,False,False
98,frame_0018.jpg,7.2,0.4824,0.3933,0.2857,1.0,5,2,False,False
99,frame_0105.jpg,42.0,0.4817,0.6743,0.4286,0.08,6,3,False,False
100,frame_0324.jpg,129.6,0.4817,0.5886,0.5714,0.08,6,4,False,False
101,frame_0195.jpg,78.0,0.4814,0.5776,0.4286,0.32,4,3,False,False
102,frame_0330.jpg,132.0,0.4814,0.6896,0.4286,0.04,8,3,False,False
103,frame_0384.jpg,153.6,0.4807,0.726,0.2857,0.16,7,2,False,False
104,frame_0268.jpg,107.2,0.4799,0.6707,0.4286,0.08,6,3,False,False
105,frame_0294.jpg,117.6,0.4742,0.5746,0.1429,0.72,5,1,False,False
106,frame_0390.jpg,156.0,0.474,0.7446,0.2857,0.08,8,2,False,False
107,frame_0231.jpg,92.4,0.4738,0.7121,0.2857,0.16,8,2,False,False
108,frame_0006.jpg,2.4,0.4728,0.4599,0.1429,1.0,5,1,False,False
109,frame_0103.jpg,41.2,0.4695,0.6179,0.4286,0.16,4,3,False,False
110,frame_0296.jpg,118.4,0.4684,0.5093,0.2857,0.64,5,2,False,False
111,frame_0015.jpg,6.0,0.4675,0.5349,0.0,1.0,4,0,False,False
112,frame_0070.jpg,28.0,0.4675,0.4493,0.1429,1.0,5,1,False,False
113,frame_0305.jpg,122.0,0.4671,0.6507,0.2857,0.28,6,2,False,False
114,frame_0333.jpg,133.2,0.467,0.6449,0.4286,0.08,8,3,False,False
115,frame_0398.jpg,159.2,0.467,0.5808,0.4286,0.24,9,3,False,False
116,frame_0019.jpg,7.6,0.4665,0.4473,0.1429,1.0,3,1,False,False
117,frame_0068.jpg,27.2,0.4649,0.5298,0.0,1.0,8,0,False,False
118,frame_0167.jpg,66.8,0.4648,0.4324,0.4286,0.6,7,3,False,False
119,frame_0233.jpg,93.2,0.4643,0.6611,0.2857,0.24,6,2,False,False
120,frame_0320.jpg,128.0,0.4632,0.5732,0.4286,0.24,6,3,False,False
121,frame_0370.jpg,148.0,0.4614,0.6496,0.4286,0.04,7,3,False,False
122,frame_0308.jpg,123.2,0.459,0.6825,0.2857,0.16,7,2,False,False
123,frame_0332.jpg,132.8,0.4567,0.5546,0.5714,0.04,8,4,False,False
124,frame_0202.jpg,80.8,0.4565,0.5016,0.2857,0.6,5,2,False,False
125,frame_0299.jpg,119.6,0.4556,0.5317,0.2857,0.52,6,2,False,False
126,frame_0315.jpg,126.0,0.455,0.6906,0.2857,0.12,8,2,False,False
127,frame_0029.jpg,11.6,0.4541,0.4224,0.1429,1.0,5,1,False,False
128,frame_0086.jpg,34.4,0.4533,0.6129,0.1429,0.52,5,1,False,False
129,frame_0118.jpg,47.2,0.4533,0.5592,0.2857,0.44,4,2,False,False
130,frame_0208.jpg,83.2,0.451,0.5123,0.1429,0.76,4,1,False,False
131,frame_0116.jpg,46.4,0.4505,0.4998,0.4286,0.36,7,3,False,False
132,frame_0292.jpg,116.8,0.4487,0.4916,0.1429,0.8,8,1,False,False
133,frame_0396.jpg,158.4,0.4478,0.6601,0.2857,0.16,8,2,False,False
134,frame_0206.jpg,82.4,0.4471,0.5044,0.1429,0.76,3,1,False,False
135,frame_0327.jpg,130.8,0.4461,0.6191,0.4286,0.04,11,3,False,False
136,frame_0081.jpg,32.4,0.445,0.4306,0.2857,0.72,6,2,False,False
137,frame_0180.jpg,72.0,0.445,0.5152,0.5714,0.08,8,4,False,False
138,frame_0309.jpg,123.6,0.4442,0.5832,0.4286,0.12,6,3,False,False
139,frame_0095.jpg,38.0,0.4435,0.5658,0.4286,0.16,6,3,False,False
140,frame_0017.jpg,6.8,0.442,0.3982,0.1429,1.0,5,1,False,False
141,frame_0100.jpg,40.0,0.4367,0.6003,0.4286,0.04,6,3,False,False
142,frame_0083.jpg,33.2,0.4348,0.5279,0.1429,0.64,4,1,False,False
143,frame_0274.jpg,109.6,0.4343,0.6332,0.2857,0.16,7,2,False,False
144,frame_0211.jpg,84.4,0.4338,0.5259,0.1429,0.64,3,1,False,False
145,frame_0204.jpg,81.6,0.4334,0.509,0.1429,0.68,3,1,False,False
146,frame_0170.jpg,68.0,0.4307,0.4979,0.2857,0.48,6,2,False,False
147,frame_0175.jpg,70.0,0.4306,0.5777,0.2857,0.28,7,2,False,False
148,frame_0094.jpg,37.6,0.43,0.6085,0.2857,0.2,6,2,False,False
149,frame_0082.jpg,32.8,0.4298,0.4162,0.2857,0.68,4,2,False,False
150,frame_0174.jpg,69.6,0.429,0.5585,0.2857,0.32,4,2,False,False
151,frame_0124.jpg,49.6,0.4288,0.4998,0.1429,0.68,6,1,False,False
152,frame_0177.jpg,70.8,0.4264,0.6871,0.1429,0.2,8,1,False,False
153,frame_0297.jpg,118.8,0.4256,0.5255,0.1429,0.6,7,1,False,False
154,frame_0314.jpg,125.6,0.4244,0.6454,0.2857,0.08,6,2,False,False
155,frame_0203.jpg,81.2,0.424,0.5063,0.1429,0.64,4,1,False,False
156,frame_0189.jpg,75.6,0.422,0.6405,0.2857,0.08,4,2,False,False
157,frame_0399.jpg,159.6,0.4218,0.5602,0.2857,0.28,8,2,False,False
158,frame_0306.jpg,122.4,0.4179,0.5684,0.2857,0.24,7,2,False,False
159,frame_0168.jpg,67.2,0.4173,0.4392,0.2857,0.56,7,2,False,False
160,frame_0288.jpg,115.2,0.4137,0.4537,0.1429,0.72,9,1,False,False
161,frame_0300.jpg,120.0,0.4102,0.3712,0.4286,0.48,6,3,False,False
162,frame_0388.jpg,155.2,0.4085,0.4958,0.4286,0.16,9,3,False,False
163,frame_0286.jpg,114.4,0.4081,0.4745,0.1429,0.64,8,1,False,False
164,frame_0219.jpg,87.6,0.4069,0.6001,0.1429,0.32,4,1,False,False
165,frame_0008.jpg,3.2,0.4042,0.3227,0.1429,1.0,3,1,False,False
166,frame_0200.jpg,80.0,0.4042,0.5146,0.1429,0.52,2,1,False,False
167,frame_0025.jpg,10.0,0.402,0.4039,0.0,1.0,2,0,False,False
168,frame_0098.jpg,39.2,0.4019,0.702,0.1429,0.04,8,1,False,False
169,frame_0389.jpg,155.6,0.4018,0.6699,0.1429,0.12,10,1,False,False
170,frame_0232.jpg,92.8,0.4004,0.5494,0.2857,0.2,6,2,False,False
171,frame_0230.jpg,92.0,0.3983,0.4915,0.4286,0.12,9,3,False,False
172,frame_0194.jpg,77.6,0.3981,0.5984,0.1429,0.28,6,1,False,False
173,frame_0209.jpg,83.6,0.3937,0.4137,0.1429,0.72,3,1,False,False
174,frame_0393.jpg,157.2,0.3923,0.5114,0.4286,0.04,5,3,False,False
175,frame_0374.jpg,149.6,0.3895,0.5276,0.2857,0.2,9,2,False,False
176,frame_0223.jpg,89.2,0.3886,0.5418,0.2857,0.16,7,2,False,False
177,frame_0092.jpg,36.8,0.3885,0.4936,0.2857,0.28,4,2,False,False
178,frame_0091.jpg,36.4,0.3826,0.4657,0.2857,0.32,4,2,False,False
179,frame_0212.jpg,84.8,0.3826,0.4394,0.1429,0.6,3,1,False,False
180,frame_0275.jpg,110.0,0.3824,0.5134,0.2857,0.2,9,2,False,False
181,frame_0027.jpg,10.8,0.382,0.2783,0.1429,1.0,3,1,False,False
182,frame_0026.jpg,10.4,0.3808,0.3615,0.0,1.0,4,0,False,False
183,frame_0010.jpg,4.0,0.3807,0.3613,0.0,1.0,3,0,False,False
184,frame_0207.jpg,82.8,0.3799,0.4398,0.0,0.8,3,0,False,False
185,frame_0214.jpg,85.6,0.3759,0.5438,0.0,0.52,3,0,False,False
186,frame_0201.jpg,80.4,0.3752,0.4407,0.1429,0.56,3,1,False,False
187,frame_0171.jpg,68.4,0.371,0.4802,0.1429,0.44,6,1,False,False
188,frame_0178.jpg,71.2,0.369,0.4168,0.4286,0.16,6,3,False,False
189,frame_0004.jpg,1.6,0.368,0.3361,0.0,1.0,4,0,False,False
190,frame_0385.jpg,154.0,0.3679,0.4843,0.2857,0.2,8,2,False,False
191,frame_0197.jpg,78.8,0.3645,0.4832,0.1429,0.4,2,1,False,False
192,frame_0184.jpg,73.6,0.3642,0.525,0.2857,0.08,7,2,False,False
193,frame_0394.jpg,157.6,0.361,0.5185,0.2857,0.08,5,2,False,False
194,frame_0217.jpg,86.8,0.359,0.4722,0.1429,0.4,3,1,False,False
195,frame_0289.jpg,115.6,0.3577,0.3257,0.1429,0.76,6,1,False,False
196,frame_0304.jpg,121.6,0.3574,0.5011,0.1429,0.32,7,1,False,False
197,frame_0110.jpg,44.0,0.3567,0.4939,0.2857,0.12,3,2,False,False
198,frame_0096.jpg,38.4,0.3527,0.4859,0.2857,0.12,6,2,False,False
199,frame_0222.jpg,88.8,0.3497,0.448,0.2857,0.2,6,2,False,False
200,frame_0088.jpg,35.2,0.3488,0.5216,0.0,0.44,4,0,False,False
201,frame_0085.jpg,34.0,0.3485,0.3873,0.1429,0.56,4,1,False,False
202,frame_0120.jpg,48.0,0.3465,0.3992,0.1429,0.52,5,1,False,False
203,frame_0323.jpg,129.2,0.3462,0.473,0.2857,0.12,5,2,False,False
204,frame_0104.jpg,41.6,0.3449,0.556,0.1429,0.12,5,1,False,False
205,frame_0125.jpg,50.0,0.3406,0.3931,0.0,0.72,6,0,False,False
206,frame_0273.jpg,109.2,0.3404,0.547,0.1429,0.12,6,1,False,False
207,frame_0269.jpg,107.6,0.3402,0.5786,0.1429,0.04,4,1,False,False
208,frame_0112.jpg,44.8,0.3382,0.4249,0.2857,0.2,4,2,False,False
209,frame_0376.jpg,150.4,0.3359,0.6079,0.0,0.16,8,0,False,False
210,frame_0284.jpg,113.6,0.3348,0.3598,0.1429,0.56,6,1,False,False
211,frame_0123.jpg,49.2,0.3344,0.4127,0.0,0.64,5,0,False,False
212,frame_0122.jpg,48.8,0.3333,0.4266,0.0,0.6,4,0,False,False
213,frame_0281.jpg,112.4,0.3322,0.4027,0.1429,0.44,4,1,False,False
214,frame_0084.jpg,33.6,0.3293,0.3328,0.1429,0.6,3,1,False,False
215,frame_0226.jpg,90.4,0.3282,0.4689,0.2857,0.04,5,2,False,False
216,frame_0102.jpg,40.8,0.3279,0.4363,0.2857,0.12,4,2,False,False
217,frame_0213.jpg,85.2,0.326,0.3422,0.1429,0.56,4,1,False,False
218,frame_0216.jpg,86.4,0.3246,0.3874,0.1429,0.44,4,1,False,False
219,frame_0121.jpg,48.4,0.3218,0.3339,0.1429,0.56,4,1,False,False
220,frame_0023.jpg,9.2,0.3196,0.2391,0.0,1.0,3,0,False,False
221,frame_0173.jpg,69.2,0.3196,0.4095,0.1429,0.36,6,1,False,False
222,frame_0117.jpg,46.8,0.3184,0.4767,0.0,0.4,7,0,False,False
223,frame_0311.jpg,124.4,0.3182,0.4489,0.2857,0.04,4,2,False,False
224,frame_0196.jpg,78.4,0.3142,0.3987,0.1429,0.36,3,1,False,False
225,frame_0199.jpg,79.6,0.311,0.4301,0.0,0.48,2,0,False,False
226,frame_0218.jpg,87.2,0.3061,0.3824,0.1429,0.36,4,1,False,False
227,frame_0191.jpg,76.4,0.3016,0.3678,0.2857,0.16,4,2,False,False
228,frame_0372.jpg,148.8,0.2981,0.4624,0.1429,0.12,7,1,False,False
229,frame_0303.jpg,121.2,0.2953,0.3609,0.1429,0.36,6,1,False,False
230,frame_0285.jpg,114.0,0.2925,0.2592,0.1429,0.6,6,1,False,False
231,frame_0106.jpg,42.4,0.2913,0.3952,0.2857,0.04,7,2,False,False
232,frame_0391.jpg,156.4,0.2859,0.47,0.1429,0.04,10,1,False,False
233,frame_0087.jpg,34.8,0.2858,0.2938,0.1429,0.48,3,1,False,False
234,frame_0220.jpg,88.0,0.2856,0.3735,0.1429,0.28,4,1,False,False
235,frame_0316.jpg,126.4,0.2754,0.4869,0.0,0.16,9,0,False,False
236,frame_0090.jpg,36.0,0.2737,0.4035,0.0,0.36,5,0,False,False
237,frame_0280.jpg,112.0,0.2697,0.3793,0.0,0.4,4,0,False,False
238,frame_0024.jpg,9.6,0.2696,0.1392,0.0,1.0,4,0,False,False
239,frame_0093.jpg,37.2,0.2649,0.2624,0.2857,0.24,5,2,False,False
240,frame_0295.jpg,118.0,0.264,0.2559,0.0,0.68,4,0,False,False
241,frame_0371.jpg,148.4,0.2568,0.3958,0.1429,0.08,8,1,False,False
242,frame_0271.jpg,108.4,0.2549,0.4938,0.0,0.04,4,0,False,False
243,frame_0228.jpg,91.2,0.2521,0.4882,0.0,0.04,6,0,False,False
244,frame_0190.jpg,76.0,0.2488,0.3639,0.1429,0.12,4,1,False,False
245,frame_0097.jpg,38.8,0.2445,0.457,0.0,0.08,7,0,False,False
246,frame_0282.jpg,112.8,0.243,0.2082,0.1429,0.48,6,1,False,False
247,frame_0101.jpg,40.4,0.2416,0.3655,0.1429,0.08,6,1,False,False
248,frame_0310.jpg,124.0,0.2381,0.3584,0.1429,0.08,7,1,False,False
249,frame_0183.jpg,73.2,0.2368,0.4575,0.0,0.04,4,0,False,False
250,frame_0325.jpg,130.0,0.2256,0.3495,0.1429,0.04,7,1,False,False
251,frame_0313.jpg,125.2,0.2127,0.4093,0.0,0.04,3,0,False,False
252,frame_0198.jpg,79.2,0.199,0.2219,0.0,0.44,3,0,False,False
253,frame_0317.jpg,126.8,0.1988,0.3176,0.0,0.2,9,0,False,False
254,frame_0272.jpg,108.8,0.1951,0.2724,0.1429,0.08,4,1,False,False
255,frame_0224.jpg,89.6,0.151,0.254,0.0,0.12,7,0,False,False
256,frame_0111.jpg,44.4,0.1173,0.1706,0.0,0.16,4,0,False,False
